# age (yr),T_eff (K),L (L_sun)
1.83524e+02,4.06658e+03,1.00519e+04
1.90521e+02,4.06887e+03,9.99287e+03
1.97751e+02,4.07125e+03,9.93311e+03
2.05229e+02,4.07368e+03,9.87210e+03
2.12972e+02,4.07613e+03,9.80961e+03
2.21032e+02,4.07876e+03,9.74686e+03
2.29421e+02,4.08137e+03,9.68180e+03
2.38115e+02,4.08406e+03,9.61579e+03
2.47128e+02,4.08693e+03,9.54760e+03
2.56475e+02,4.08987e+03,9.47863e+03
2.66175e+02,4.09279e+03,9.40930e+03
2.76239e+02,4.09582e+03,9.33784e+03
2.86680e+02,4.09897e+03,9.26488e+03
2.97518e+02,4.10208e+03,9.19206e+03
3.08763e+02,4.10537e+03,9.11766e+03
3.20429e+02,4.10876e+03,9.04194e+03
3.32532e+02,4.11215e+03,8.96663e+03
3.45087e+02,4.11562e+03,8.89030e+03
3.58106e+02,4.11914e+03,8.81293e+03
3.71602e+02,4.12269e+03,8.73418e+03
3.85646e+02,4.12659e+03,8.65338e+03
4.00214e+02,4.13037e+03,8.57223e+03
4.15309e+02,4.13425e+03,8.48986e+03
4.30949e+02,4.13817e+03,8.40870e+03
4.47200e+02,4.14218e+03,8.32633e+03
4.64069e+02,4.14645e+03,8.24105e+03
4.81536e+02,4.15062e+03,8.15651e+03
4.99673e+02,4.15487e+03,8.07315e+03
5.18514e+02,4.15916e+03,7.98906e+03
5.37995e+02,4.16361e+03,7.90249e+03
5.58270e+02,4.16804e+03,7.81744e+03
5.79268e+02,4.17261e+03,7.73292e+03
6.01058e+02,4.17722e+03,7.64717e+03
6.23648e+02,4.18204e+03,7.55858e+03
6.47084e+02,4.18680e+03,7.47269e+03
6.71402e+02,4.19161e+03,7.38744e+03
6.96634e+02,4.19656e+03,7.30179e+03
7.22754e+02,4.20169e+03,7.21354e+03
7.49918e+02,4.20672e+03,7.12846e+03
7.78036e+02,4.21186e+03,7.04406e+03
8.07230e+02,4.21716e+03,6.95651e+03
8.37507e+02,4.22246e+03,6.87165e+03
8.68850e+02,4.22789e+03,6.78527e+03
9.01445e+02,4.23336e+03,6.70170e+03
9.35246e+02,4.23879e+03,6.61947e+03
9.70250e+02,4.24432e+03,6.53636e+03
1.00657e+03,4.24994e+03,6.45452e+03
1.04430e+03,4.25557e+03,6.37531e+03
1.08342e+03,4.26127e+03,6.29729e+03
1.12395e+03,4.26689e+03,6.21909e+03
1.16598e+03,4.27280e+03,6.14190e+03
1.20965e+03,4.27861e+03,6.06691e+03
1.25493e+03,4.28448e+03,5.99325e+03
1.30183e+03,4.29057e+03,5.91914e+03
1.35045e+03,4.29676e+03,5.84591e+03
1.40090e+03,4.30281e+03,5.77542e+03
1.45330e+03,4.30899e+03,5.70694e+03
1.50767e+03,4.31513e+03,5.64177e+03
1.56407e+03,4.32139e+03,5.57886e+03
1.62254e+03,4.32761e+03,5.51752e+03
1.68313e+03,4.33393e+03,5.45681e+03
1.74603e+03,4.34032e+03,5.40038e+03
1.81133e+03,4.34674e+03,5.34516e+03
1.87907e+03,4.35319e+03,5.29376e+03
1.94933e+03,4.35959e+03,5.24515e+03
2.02218e+03,4.36611e+03,5.19952e+03
2.09768e+03,4.37271e+03,5.15670e+03
2.17615e+03,4.37945e+03,5.11806e+03
2.25757e+03,4.38602e+03,5.08408e+03
2.34198e+03,4.39273e+03,5.05486e+03
2.42943e+03,4.39937e+03,5.02992e+03
2.52039e+03,4.40600e+03,5.01062e+03
2.61461e+03,4.41286e+03,4.99820e+03
2.71215e+03,4.41972e+03,4.99108e+03
2.81356e+03,4.42658e+03,4.99368e+03
2.91838e+03,4.43338e+03,5.00431e+03
3.02725e+03,4.44027e+03,5.02648e+03
3.13970e+03,4.44715e+03,5.05988e+03
3.25616e+03,4.45400e+03,5.10786e+03
3.37636e+03,4.46085e+03,5.17246e+03
3.50017e+03,4.46773e+03,5.25688e+03
3.62752e+03,4.47463e+03,5.36571e+03
3.75798e+03,4.48152e+03,5.50342e+03
3.89093e+03,4.48838e+03,5.67395e+03
4.02582e+03,4.49521e+03,5.88382e+03
4.16171e+03,4.50229e+03,6.13792e+03
4.29803e+03,4.50955e+03,6.43868e+03
4.43450e+03,4.51706e+03,6.78726e+03
4.57102e+03,4.52539e+03,7.18400e+03
4.70838e+03,4.53471e+03,7.62482e+03
4.84756e+03,4.54550e+03,8.10497e+03
4.98965e+03,4.55831e+03,8.61834e+03
5.13560e+03,4.57361e+03,9.15955e+03
5.26860e+03,4.60169e+03,9.81017e+03
5.40433e+03,4.64819e+03,1.04314e+04
5.54872e+03,4.70632e+03,1.09648e+04
5.69522e+03,4.77482e+03,1.14327e+04
5.83934e+03,4.85378e+03,1.18413e+04
5.97909e+03,4.94144e+03,1.22127e+04
6.11735e+03,5.03516e+03,1.25494e+04
6.25837e+03,5.13307e+03,1.28355e+04
6.39975e+03,5.23515e+03,1.30935e+04
6.54236e+03,5.34097e+03,1.33241e+04
6.69022e+03,5.44953e+03,1.34893e+04
6.83888e+03,5.56162e+03,1.36404e+04
6.99574e+03,5.67496e+03,1.37053e+04
7.15529e+03,5.79102e+03,1.37520e+04
7.32246e+03,5.90777e+03,1.37415e+04
7.49222e+03,6.02728e+03,1.37396e+04
7.66881e+03,6.14765e+03,1.37040e+04
7.85097e+03,6.26944e+03,1.36500e+04
8.03937e+03,6.39244e+03,1.35820e+04
8.23609e+03,6.51554e+03,1.34862e+04
8.43870e+03,6.64031e+03,1.33980e+04
8.64866e+03,6.76605e+03,1.33095e+04
8.86607e+03,6.89288e+03,1.32272e+04
9.09084e+03,7.02103e+03,1.31588e+04
9.32433e+03,7.14985e+03,1.30985e+04
9.56265e+03,7.28172e+03,1.30804e+04
9.80661e+03,7.41615e+03,1.30927e+04
1.00557e+04,7.55347e+03,1.31334e+04
1.03095e+04,7.69384e+03,1.31969e+04
1.05682e+04,7.83738e+03,1.32768e+04
1.08318e+04,7.98413e+03,1.33666e+04
1.11008e+04,8.13406e+03,1.34608e+04
1.13776e+04,8.28627e+03,1.35453e+04
1.16592e+04,8.44207e+03,1.36364e+04
1.19471e+04,8.60098e+03,1.37267e+04
1.22441e+04,8.76190e+03,1.38057e+04
1.25470e+04,8.92618e+03,1.38925e+04
1.28569e+04,9.09355e+03,1.39852e+04
1.31742e+04,9.26385e+03,1.40858e+04
1.34988e+04,9.43720e+03,1.41986e+04
1.38303e+04,9.61381e+03,1.43289e+04
1.41711e+04,9.79279e+03,1.44722e+04
1.45148e+04,9.97660e+03,1.46522e+04
1.48635e+04,1.01644e+04,1.48621e+04
1.52165e+04,1.03565e+04,1.51037e+04
1.55766e+04,1.05521e+04,1.53701e+04
1.59366e+04,1.07533e+04,1.56778e+04
1.62993e+04,1.09594e+04,1.60194e+04
1.66643e+04,1.11706e+04,1.63929e+04
1.70316e+04,1.13872e+04,1.67971e+04
1.74009e+04,1.16092e+04,1.72303e+04
1.77722e+04,1.18369e+04,1.76910e+04
1.81456e+04,1.20704e+04,1.81773e+04
1.85211e+04,1.23101e+04,1.86872e+04
1.88987e+04,1.25561e+04,1.92184e+04
1.92788e+04,1.28085e+04,1.97688e+04
1.96614e+04,1.30677e+04,2.03359e+04
2.00469e+04,1.33338e+04,2.09173e+04
2.04354e+04,1.36071e+04,2.15103e+04
2.08272e+04,1.38877e+04,2.21124e+04
2.12226e+04,1.41759e+04,2.27206e+04
2.16220e+04,1.44718e+04,2.33321e+04
2.20257e+04,1.47756e+04,2.39442e+04
2.24339e+04,1.50875e+04,2.45541e+04
2.28471e+04,1.54077e+04,2.51590e+04
2.32658e+04,1.57363e+04,2.57566e+04
2.36901e+04,1.60735e+04,2.63444e+04
2.41207e+04,1.64194e+04,2.69200e+04
2.45580e+04,1.67740e+04,2.74818e+04
2.50022e+04,1.71376e+04,2.80278e+04
2.54540e+04,1.75101e+04,2.85565e+04
2.59138e+04,1.78918e+04,2.90666e+04
2.63821e+04,1.82826e+04,2.95569e+04
2.68594e+04,1.86827e+04,3.00264e+04
2.73462e+04,1.90920e+04,3.04740e+04
2.78432e+04,1.95107e+04,3.08989e+04
2.83509e+04,1.99389e+04,3.13001e+04
2.88700e+04,2.03765e+04,3.16766e+04
2.94012e+04,2.08236e+04,3.20271e+04
2.99453e+04,2.12802e+04,3.23506e+04
3.05030e+04,2.17462e+04,3.26459e+04
3.10752e+04,2.22217e+04,3.29120e+04
3.16631e+04,2.27065e+04,3.31479e+04
3.22676e+04,2.32005e+04,3.33530e+04
3.28899e+04,2.37035e+04,3.35269e+04
3.35313e+04,2.42155e+04,3.36694e+04
3.41935e+04,2.47361e+04,3.37802e+04
3.48783e+04,2.52651e+04,3.38584e+04
3.55879e+04,2.58022e+04,3.39047e+04
3.63262e+04,2.63466e+04,3.39132e+04
3.70981e+04,2.68975e+04,3.38770e+04
3.79123e+04,2.74532e+04,3.37818e+04
3.87901e+04,2.80052e+04,3.35682e+04
3.97427e+04,2.85466e+04,3.32231e+04
4.08150e+04,2.90451e+04,3.25994e+04
4.20364e+04,2.94370e+04,3.15378e+04
4.33680e+04,2.96819e+04,3.01074e+04
4.47539e+04,2.97940e+04,2.85181e+04
4.61917e+04,2.98236e+04,2.69767e+04
4.77365e+04,2.98434e+04,2.56859e+04
4.94324e+04,2.99521e+04,2.48807e+04
5.11754e+04,3.02009e+04,2.46419e+04
5.28161e+04,3.05870e+04,2.48736e+04
5.43157e+04,3.10646e+04,2.53737e+04
5.57655e+04,3.15837e+04,2.59500e+04
5.73256e+04,3.20943e+04,2.64151e+04
5.91488e+04,3.25248e+04,2.65466e+04
6.12489e+04,3.27772e+04,2.61591e+04
6.34669e+04,3.28294e+04,2.53836e+04
6.37252e+04,3.21652e+04,2.43486e+04
6.40477e+04,3.16334e+04,2.35651e+04
6.56594e+04,3.19602e+04,2.39478e+04
6.77889e+04,3.19424e+04,2.34889e+04
6.99654e+04,3.18473e+04,2.30147e+04
7.22707e+04,3.18143e+04,2.27689e+04
7.46705e+04,3.18237e+04,2.26775e+04
7.71550e+04,3.18318e+04,2.26263e+04
7.97161e+04,3.18308e+04,2.25798e+04
8.23764e+04,3.18237e+04,2.25406e+04
8.51280e+04,3.18161e+04,2.25122e+04
8.79527e+04,3.18090e+04,2.24916e+04
9.08806e+04,3.18030e+04,2.24808e+04
9.39189e+04,3.17977e+04,2.24749e+04
9.70217e+04,3.17927e+04,2.24718e+04
1.00276e+05,3.17878e+04,2.24710e+04
1.03580e+05,3.17828e+04,2.24709e+04
1.07055e+05,3.17776e+04,2.24718e+04
1.10577e+05,3.17724e+04,2.24729e+04
1.14290e+05,3.17661e+04,2.24750e+04
1.18037e+05,3.17595e+04,2.24771e+04
1.22010e+05,3.17548e+04,2.24808e+04
1.26041e+05,3.17498e+04,2.24840e+04
1.30243e+05,3.17439e+04,2.24859e+04
1.34580e+05,3.17371e+04,2.24884e+04
1.39012e+05,3.17297e+04,2.24913e+04
1.43672e+05,3.17233e+04,2.24964e+04
1.48447e+05,3.17176e+04,2.25011e+04
1.53353e+05,3.17124e+04,2.25054e+04
1.58472e+05,3.17044e+04,2.25081e+04
1.63751e+05,3.16982e+04,2.25124e+04
1.69187e+05,3.16924e+04,2.25167e+04
1.74792e+05,3.16856e+04,2.25198e+04
1.80608e+05,3.16786e+04,2.25236e+04
1.86627e+05,3.16701e+04,2.25286e+04
1.92836e+05,3.16625e+04,2.25356e+04
1.99247e+05,3.16553e+04,2.25430e+04
2.05870e+05,3.16489e+04,2.25497e+04
2.12713e+05,3.16421e+04,2.25551e+04
2.19783e+05,3.16334e+04,2.25604e+04
2.27089e+05,3.16259e+04,2.25683e+04
2.34640e+05,3.16191e+04,2.25758e+04
2.42443e+05,3.16129e+04,2.25817e+04
2.50504e+05,3.16042e+04,2.25871e+04
2.58829e+05,3.15954e+04,2.25959e+04
2.67427e+05,3.15877e+04,2.26060e+04
2.76304e+05,3.15820e+04,2.26148e+04
2.85508e+05,3.15742e+04,2.26206e+04
2.95008e+05,3.15662e+04,2.26283e+04
3.04807e+05,3.15567e+04,2.26380e+04
3.14938e+05,3.15483e+04,2.26512e+04
3.25420e+05,3.15403e+04,2.26632e+04
3.36220e+05,3.15343e+04,2.26739e+04
3.47420e+05,3.15253e+04,2.26819e+04
3.58950e+05,3.15160e+04,2.26954e+04
3.70904e+05,3.15087e+04,2.27072e+04
3.83230e+05,3.14994e+04,2.27208e+04
3.95968e+05,3.14912e+04,2.27352e+04
4.09143e+05,3.14839e+04,2.27484e+04
4.22747e+05,3.14742e+04,2.27608e+04
4.36798e+05,3.14658e+04,2.27774e+04
4.51316e+05,3.14571e+04,2.27930e+04
4.66320e+05,3.14488e+04,2.28091e+04
4.81825e+05,3.14400e+04,2.28225e+04
4.97849e+05,3.14314e+04,2.28421e+04
5.14407e+05,3.14241e+04,2.28589e+04
5.31514e+05,3.14151e+04,2.28761e+04
5.49182e+05,3.14053e+04,2.28970e+04
5.67435e+05,3.13966e+04,2.29180e+04
5.86312e+05,3.13889e+04,2.29367e+04
6.05794e+05,3.13791e+04,2.29595e+04
6.25947e+05,3.13702e+04,2.29820e+04
6.46754e+05,3.13631e+04,2.30044e+04
6.68258e+05,3.13542e+04,2.30252e+04
6.90481e+05,3.13452e+04,2.30530e+04
7.13439e+05,3.13361e+04,2.30751e+04
7.37157e+05,3.13260e+04,2.31051e+04
7.61665e+05,3.13161e+04,2.31333e+04
7.86989e+05,3.13077e+04,2.31609e+04
8.13150e+05,3.12986e+04,2.31935e+04
8.40184e+05,3.12915e+04,2.32234e+04
8.68122e+05,3.12805e+04,2.32561e+04
8.96978e+05,3.12720e+04,2.32885e+04
9.26804e+05,3.12614e+04,2.33217e+04
9.57616e+05,3.12510e+04,2.33601e+04
9.89451e+05,3.12410e+04,2.33946e+04
1.02234e+06,3.12310e+04,2.34351e+04
1.05633e+06,3.12203e+04,2.34753e+04
1.09145e+06,3.12113e+04,2.35179e+04
1.12773e+06,3.12004e+04,2.35589e+04
1.16522e+06,3.11892e+04,2.36047e+04
1.20395e+06,3.11769e+04,2.36496e+04
1.24397e+06,3.11636e+04,2.36968e+04
1.28532e+06,3.11505e+04,2.37459e+04
1.32804e+06,3.11372e+04,2.37958e+04
1.37218e+06,3.11240e+04,2.38502e+04
1.41779e+06,3.11107e+04,2.39054e+04
1.46491e+06,3.10973e+04,2.39629e+04
1.51360e+06,3.10838e+04,2.40227e+04
1.56390e+06,3.10702e+04,2.40850e+04
1.61588e+06,3.10564e+04,2.41499e+04
1.66957e+06,3.10426e+04,2.42173e+04
1.72505e+06,3.10284e+04,2.42852e+04
1.78237e+06,3.10143e+04,2.43607e+04
1.84160e+06,3.09997e+04,2.44359e+04
1.90279e+06,3.09852e+04,2.45164e+04
1.96601e+06,3.09703e+04,2.45990e+04
2.03132e+06,3.09551e+04,2.46851e+04
2.09880e+06,3.09395e+04,2.47741e+04
2.16852e+06,3.09237e+04,2.48686e+04
2.24055e+06,3.09075e+04,2.49663e+04
2.31496e+06,3.08909e+04,2.50681e+04
2.39184e+06,3.08738e+04,2.51743e+04
2.47126e+06,3.08562e+04,2.52840e+04
2.55331e+06,3.08382e+04,2.54010e+04
2.63807e+06,3.08196e+04,2.55218e+04
2.72564e+06,3.08003e+04,2.56481e+04
2.81610e+06,3.07803e+04,2.57800e+04
2.90956e+06,3.07602e+04,2.59161e+04
3.00608e+06,3.07379e+04,2.60621e+04
3.10580e+06,3.07154e+04,2.62129e+04
3.20880e+06,3.06918e+04,2.63708e+04
3.31519e+06,3.06672e+04,2.65357e+04
3.42508e+06,3.06414e+04,2.67094e+04
3.53858e+06,3.06143e+04,2.68907e+04
3.65581e+06,3.05856e+04,2.70803e+04
3.77689e+06,3.05555e+04,2.72788e+04
3.90192e+06,3.05238e+04,2.74871e+04
4.03104e+06,3.04902e+04,2.77052e+04
4.16438e+06,3.04546e+04,2.79342e+04
4.30205e+06,3.04168e+04,2.81746e+04
4.44419e+06,3.03766e+04,2.84272e+04
4.59093e+06,3.03336e+04,2.86927e+04
4.74241e+06,3.02876e+04,2.89722e+04
4.89875e+06,3.02384e+04,2.92665e+04
5.06011e+06,3.01856e+04,2.95750e+04
5.22657e+06,3.01285e+04,2.99043e+04
5.39830e+06,3.00670e+04,3.02501e+04
5.57542e+06,3.00005e+04,3.06157e+04
5.75805e+06,2.99284e+04,3.10027e+04
5.94627e+06,2.98500e+04,3.14129e+04
6.14021e+06,2.97646e+04,3.18477e+04
6.33991e+06,2.96715e+04,3.23094e+04
6.54543e+06,2.95694e+04,3.28004e+04
6.75677e+06,2.94575e+04,3.33233e+04
6.97389e+06,2.93345e+04,3.38809e+04
7.19669e+06,2.91989e+04,3.44758e+04
7.42497e+06,2.90493e+04,3.51114e+04
7.65863e+06,2.88851e+04,3.57861e+04
7.89741e+06,2.87053e+04,3.65000e+04
8.14083e+06,2.85081e+04,3.72564e+04
8.19558e+06,2.84617e+04,3.74308e+04
8.25051e+06,2.84142e+04,3.76075e+04
8.30561e+06,2.83657e+04,3.77865e+04
8.36089e+06,2.83163e+04,3.79678e+04
8.41632e+06,2.82658e+04,3.81512e+04
8.47191e+06,2.82142e+04,3.83370e+04
8.52761e+06,2.81615e+04,3.85252e+04
8.58343e+06,2.81076e+04,3.87159e+04
8.63936e+06,2.80526e+04,3.89090e+04
8.69537e+06,2.79965e+04,3.91043e+04
8.75144e+06,2.79391e+04,3.93023e+04
8.80758e+06,2.78805e+04,3.95025e+04
8.86374e+06,2.78207e+04,3.97053e+04
8.91993e+06,2.77596e+04,3.99103e+04
8.97610e+06,2.76971e+04,4.01178e+04
9.03225e+06,2.76335e+04,4.03278e+04
9.08835e+06,2.75684e+04,4.05401e+04
9.14439e+06,2.75020e+04,4.07547e+04
9.20031e+06,2.74343e+04,4.09717e+04
9.25613e+06,2.73652e+04,4.11909e+04
9.31181e+06,2.72947e+04,4.14125e+04
9.36732e+06,2.72229e+04,4.16363e+04
9.42262e+06,2.71496e+04,4.18623e+04
9.47769e+06,2.70749e+04,4.20904e+04
9.53254e+06,2.69989e+04,4.23205e+04
9.58708e+06,2.69214e+04,4.25527e+04
9.64131e+06,2.68425e+04,4.27866e+04
9.69519e+06,2.67622e+04,4.30224e+04
9.74873e+06,2.66806e+04,4.32600e+04
9.80186e+06,2.65976e+04,4.34994e+04
9.85462e+06,2.65133e+04,4.37398e+04
9.90677e+06,2.64274e+04,4.39817e+04
9.95871e+06,2.63408e+04,4.42252e+04
1.00100e+07,2.62526e+04,4.44703e+04
1.00608e+07,2.61632e+04,4.47158e+04
1.01112e+07,2.60728e+04,4.49625e+04
1.01611e+07,2.59814e+04,4.52096e+04
1.02105e+07,2.58890e+04,4.54576e+04
1.02593e+07,2.57957e+04,4.57059e+04
1.03077e+07,2.57015e+04,4.59548e+04
1.03597e+07,2.56141e+04,4.62126e+04
1.04141e+07,2.55316e+04,4.64690e+04
1.04697e+07,2.54505e+04,4.67175e+04
1.05221e+07,2.53624e+04,4.69538e+04
1.05729e+07,2.52710e+04,4.71843e+04
1.06223e+07,2.51774e+04,4.74121e+04
1.06705e+07,2.50824e+04,4.76381e+04
1.07178e+07,2.49858e+04,4.78629e+04
1.07642e+07,2.48884e+04,4.80871e+04
1.08100e+07,2.47901e+04,4.83109e+04
1.08550e+07,2.46913e+04,4.85342e+04
1.08995e+07,2.45921e+04,4.87574e+04
1.09433e+07,2.44925e+04,4.89811e+04
1.09865e+07,2.43927e+04,4.92055e+04
1.10293e+07,2.42929e+04,4.94314e+04
1.10717e+07,2.41931e+04,4.96582e+04
1.11138e+07,2.40937e+04,4.98875e+04
1.11556e+07,2.39948e+04,5.01198e+04
1.11973e+07,2.38967e+04,5.03565e+04
1.12390e+07,2.37997e+04,5.05983e+04
1.12810e+07,2.37045e+04,5.08477e+04
1.13235e+07,2.36117e+04,5.11077e+04
1.13669e+07,2.35229e+04,5.13821e+04
1.14117e+07,2.34408e+04,5.16776e+04
1.14585e+07,2.33711e+04,5.20042e+04
1.15070e+07,2.33274e+04,5.23698e+04
1.15518e+07,2.33315e+04,5.27484e+04
1.15852e+07,2.33844e+04,5.30751e+04
1.16082e+07,2.34637e+04,5.33395e+04
1.16245e+07,2.35553e+04,5.35631e+04
1.16368e+07,2.36534e+04,5.37616e+04
1.16463e+07,2.37553e+04,5.39456e+04
1.16538e+07,2.38596e+04,5.41217e+04
1.16600e+07,2.39655e+04,5.42943e+04
1.16651e+07,2.40726e+04,5.44668e+04
1.16694e+07,2.41803e+04,5.46419e+04
1.16730e+07,2.42885e+04,5.48217e+04
1.16761e+07,2.43969e+04,5.50079e+04
1.16787e+07,2.45051e+04,5.52025e+04
1.16810e+07,2.46130e+04,5.54067e+04
1.16829e+07,2.47202e+04,5.56214e+04
1.16846e+07,2.48264e+04,5.58492e+04
1.16860e+07,2.49311e+04,5.60906e+04
1.16873e+07,2.50340e+04,5.63453e+04
1.16883e+07,2.51350e+04,5.66127e+04
1.16893e+07,2.52335e+04,5.68926e+04
1.16901e+07,2.53293e+04,5.71827e+04
1.16907e+07,2.54220e+04,5.74806e+04
1.16913e+07,2.55116e+04,5.77837e+04
1.16918e+07,2.55974e+04,5.80916e+04
1.16923e+07,2.56789e+04,5.84025e+04
1.16926e+07,2.57553e+04,5.87110e+04
1.16930e+07,2.58275e+04,5.90054e+04
1.16933e+07,2.58959e+04,5.92879e+04
1.16935e+07,2.59596e+04,5.95498e+04
1.16938e+07,2.60179e+04,5.97847e+04
1.16940e+07,2.60707e+04,5.99901e+04
1.16943e+07,2.61126e+04,6.01216e+04
1.16946e+07,2.61397e+04,6.01499e+04
1.16949e+07,2.61447e+04,6.00387e+04
1.16953e+07,2.61260e+04,5.97971e+04
1.16958e+07,2.60505e+04,5.92132e+04
1.16963e+07,2.59362e+04,5.85430e+04
1.16968e+07,2.58001e+04,5.78882e+04
1.16972e+07,2.56494e+04,5.72853e+04
1.16976e+07,2.54883e+04,5.67498e+04
1.16980e+07,2.53193e+04,5.62815e+04
1.16983e+07,2.51451e+04,5.58807e+04
1.16986e+07,2.49665e+04,5.55544e+04
1.16989e+07,2.47846e+04,5.53009e+04
1.16992e+07,2.46005e+04,5.51332e+04
1.16995e+07,2.44155e+04,5.51054e+04
1.16998e+07,2.42321e+04,5.51467e+04
1.17001e+07,2.40515e+04,5.53981e+04
1.17003e+07,2.38722e+04,5.57146e+04
1.17006e+07,2.36984e+04,5.61549e+04
1.17009e+07,2.35263e+04,5.66520e+04
1.17011e+07,2.33579e+04,5.72297e+04
1.17014e+07,2.31892e+04,5.77725e+04
1.17017e+07,2.30224e+04,5.83363e+04
1.17020e+07,2.28586e+04,5.89309e+04
1.17022e+07,2.26958e+04,5.95132e+04
1.17025e+07,2.25339e+04,6.00641e+04
1.17028e+07,2.23726e+04,6.05819e+04
1.17032e+07,2.22145e+04,6.11219e+04
1.17035e+07,2.20568e+04,6.16250e+04
1.17038e+07,2.19001e+04,6.20973e+04
1.17042e+07,2.17444e+04,6.25530e+04
1.17045e+07,2.15901e+04,6.29900e+04
1.17049e+07,2.14350e+04,6.33378e+04
1.17052e+07,2.12819e+04,6.37096e+04
1.17056e+07,2.11277e+04,6.39755e+04
1.17060e+07,2.09736e+04,6.41719e+04
1.17063e+07,2.08197e+04,6.43242e+04
1.17067e+07,2.06659e+04,6.44008e+04
1.17071e+07,2.05123e+04,6.44403e+04
1.17074e+07,2.03591e+04,6.44316e+04
1.17077e+07,2.02062e+04,6.44002e+04
1.17081e+07,2.00536e+04,6.43527e+04
1.17084e+07,1.99014e+04,6.42966e+04
1.17087e+07,1.97494e+04,6.42381e+04
1.17090e+07,1.95979e+04,6.41825e+04
1.17093e+07,1.94470e+04,6.41332e+04
1.17096e+07,1.92966e+04,6.40919e+04
1.17099e+07,1.91469e+04,6.40592e+04
1.17101e+07,1.89978e+04,6.40352e+04
1.17104e+07,1.88494e+04,6.40190e+04
1.17107e+07,1.87018e+04,6.40101e+04
1.17109e+07,1.85550e+04,6.40076e+04
1.17112e+07,1.84091e+04,6.40111e+04
1.17114e+07,1.82640e+04,6.40196e+04
1.17117e+07,1.81199e+04,6.40321e+04
1.17119e+07,1.79766e+04,6.40474e+04
1.17122e+07,1.78343e+04,6.40652e+04
1.17124e+07,1.76929e+04,6.40846e+04
1.17126e+07,1.75525e+04,6.41050e+04
1.17128e+07,1.74130e+04,6.41259e+04
1.17131e+07,1.72745e+04,6.41472e+04
1.17133e+07,1.71369e+04,6.41683e+04
1.17135e+07,1.70002e+04,6.41888e+04
1.17137e+07,1.68645e+04,6.42080e+04
1.17140e+07,1.67298e+04,6.42258e+04
1.17142e+07,1.65960e+04,6.42421e+04
1.17144e+07,1.64631e+04,6.42566e+04
1.17146e+07,1.63311e+04,6.42691e+04
1.17148e+07,1.62000e+04,6.42797e+04
1.17150e+07,1.60697e+04,6.42887e+04
1.17152e+07,1.59404e+04,6.42957e+04
1.17154e+07,1.58118e+04,6.43009e+04
1.17156e+07,1.56842e+04,6.43055e+04
1.17158e+07,1.55575e+04,6.43097e+04
1.17160e+07,1.54316e+04,6.43136e+04
1.17162e+07,1.53066e+04,6.43166e+04
1.17164e+07,1.51824e+04,6.43204e+04
1.17166e+07,1.50590e+04,6.43243e+04
1.17168e+07,1.49365e+04,6.43288e+04
1.17170e+07,1.48148e+04,6.43338e+04
1.17172e+07,1.46939e+04,6.43394e+04
1.17173e+07,1.45738e+04,6.43457e+04
1.17175e+07,1.44545e+04,6.43523e+04
1.17177e+07,1.43361e+04,6.43604e+04
1.17179e+07,1.42186e+04,6.43698e+04
1.17181e+07,1.41020e+04,6.43816e+04
1.17183e+07,1.39863e+04,6.43961e+04
1.17184e+07,1.38715e+04,6.44141e+04
1.17186e+07,1.37576e+04,6.44359e+04
1.17188e+07,1.36447e+04,6.44620e+04
1.17190e+07,1.35327e+04,6.44925e+04
1.17191e+07,1.34216e+04,6.45273e+04
1.17193e+07,1.33114e+04,6.45667e+04
1.17195e+07,1.32022e+04,6.46104e+04
1.17197e+07,1.30939e+04,6.46583e+04
1.17198e+07,1.29864e+04,6.47099e+04
1.17200e+07,1.28799e+04,6.47648e+04
1.17202e+07,1.27742e+04,6.48225e+04
1.17204e+07,1.26694e+04,6.48823e+04
1.17205e+07,1.25655e+04,6.49442e+04
1.17207e+07,1.24624e+04,6.50075e+04
1.17209e+07,1.23601e+04,6.50719e+04
1.17210e+07,1.22587e+04,6.51369e+04
1.17212e+07,1.21581e+04,6.52026e+04
1.17214e+07,1.20584e+04,6.52686e+04
1.17215e+07,1.19594e+04,6.53350e+04
1.17217e+07,1.18613e+04,6.54015e+04
1.17219e+07,1.17640e+04,6.54681e+04
1.17220e+07,1.16675e+04,6.55348e+04
1.17222e+07,1.15717e+04,6.56018e+04
1.17224e+07,1.14768e+04,6.56691e+04
1.17225e+07,1.13826e+04,6.57369e+04
1.17227e+07,1.12892e+04,6.58052e+04
1.17229e+07,1.11966e+04,6.58741e+04
1.17230e+07,1.11047e+04,6.59437e+04
1.17232e+07,1.10136e+04,6.60139e+04
1.17234e+07,1.09232e+04,6.60848e+04
1.17235e+07,1.08335e+04,6.61561e+04
1.17237e+07,1.07446e+04,6.62282e+04
1.17239e+07,1.06565e+04,6.63008e+04
1.17240e+07,1.05690e+04,6.63740e+04
1.17242e+07,1.04823e+04,6.64475e+04
1.17244e+07,1.03963e+04,6.65214e+04
1.17246e+07,1.03110e+04,6.65954e+04
1.17247e+07,1.02263e+04,6.66695e+04
1.17249e+07,1.01424e+04,6.67436e+04
1.17251e+07,1.00592e+04,6.68175e+04
1.17253e+07,9.97664e+03,6.68913e+04
1.17254e+07,9.89477e+03,6.69648e+04
1.17256e+07,9.81357e+03,6.70381e+04
1.17258e+07,9.73303e+03,6.71107e+04
1.17260e+07,9.65315e+03,6.71828e+04
1.17262e+07,9.57393e+03,6.72542e+04
1.17263e+07,9.49535e+03,6.73248e+04
1.17265e+07,9.41742e+03,6.73946e+04
1.17267e+07,9.34013e+03,6.74635e+04
1.17269e+07,9.26347e+03,6.75314e+04
1.17271e+07,9.18744e+03,6.75983e+04
1.17273e+07,9.11203e+03,6.76640e+04
1.17275e+07,9.03724e+03,6.77287e+04
1.17277e+07,8.96307e+03,6.77923e+04
1.17279e+07,8.88950e+03,6.78546e+04
1.17281e+07,8.81653e+03,6.79155e+04
1.17283e+07,8.74416e+03,6.79751e+04
1.17285e+07,8.67238e+03,6.80330e+04
1.17288e+07,8.60119e+03,6.80896e+04
1.17290e+07,8.53058e+03,6.81444e+04
1.17292e+07,8.46055e+03,6.81976e+04
1.17294e+07,8.39110e+03,6.82492e+04
1.17297e+07,8.32221e+03,6.82987e+04
1.17299e+07,8.25389e+03,6.83465e+04
1.17301e+07,8.18613e+03,6.83925e+04
1.17304e+07,8.11892e+03,6.84362e+04
1.17306e+07,8.05227e+03,6.84779e+04
1.17309e+07,7.98616e+03,6.85176e+04
1.17319e+07,7.74308e+03,6.86457e+04
1.17331e+07,7.50740e+03,6.87388e+04
1.17343e+07,7.27888e+03,6.87925e+04
1.17357e+07,7.05731e+03,6.88061e+04
1.17371e+07,6.84248e+03,6.87776e+04
1.17386e+07,6.63420e+03,6.87118e+04
1.17401e+07,6.43227e+03,6.86128e+04
1.17416e+07,6.23650e+03,6.84834e+04
1.17431e+07,6.04669e+03,6.83254e+04
1.17446e+07,5.86267e+03,6.81387e+04
1.17461e+07,5.68427e+03,6.79245e+04
1.17474e+07,5.51131e+03,6.76809e+04
1.17487e+07,5.34364e+03,6.74044e+04
1.17500e+07,5.18109e+03,6.70906e+04
1.17511e+07,5.02352e+03,6.67348e+04
1.17521e+07,4.87078e+03,6.63339e+04
1.17531e+07,4.72274e+03,6.58789e+04
1.17540e+07,4.57928e+03,6.53523e+04
1.17548e+07,4.44031e+03,6.47255e+04
1.17556e+07,4.30580e+03,6.39410e+04
1.17565e+07,4.17597e+03,6.28623e+04
1.17575e+07,4.05176e+03,6.12334e+04
1.17587e+07,3.93503e+03,5.88540e+04
1.17614e+07,3.83173e+03,5.53501e+04
1.17646e+07,3.72314e+03,5.41595e+04
1.17715e+07,3.63902e+03,5.87869e+04
1.17752e+07,3.63350e+03,5.92643e+04
1.17921e+07,3.62827e+03,5.96810e+04
1.18167e+07,3.62369e+03,6.00642e+04
1.18420e+07,3.61942e+03,6.04582e+04
1.18675e+07,3.61548e+03,6.08680e+04
1.18933e+07,3.61169e+03,6.12841e+04
1.19198e+07,3.60768e+03,6.16829e+04
1.19458e+07,3.60364e+03,6.20918e+04
1.19724e+07,3.59960e+03,6.24939e+04
1.19992e+07,3.59553e+03,6.28938e+04
1.20259e+07,3.59172e+03,6.33119e+04
1.20534e+07,3.58767e+03,6.37088e+04
1.20799e+07,3.58350e+03,6.41163e+04
1.21075e+07,3.57973e+03,6.45273e+04
1.21349e+07,3.57561e+03,6.49275e+04
1.21625e+07,3.57147e+03,6.53227e+04
1.21899e+07,3.56747e+03,6.57294e+04
1.22177e+07,3.56353e+03,6.61313e+04
1.22457e+07,3.55948e+03,6.65275e+04
1.22734e+07,3.55539e+03,6.69231e+04
1.23009e+07,3.55133e+03,6.73197e+04
1.23288e+07,3.54738e+03,6.77118e+04
1.23562e+07,3.54331e+03,6.81008e+04
1.23832e+07,3.53922e+03,6.84867e+04
1.24102e+07,3.53523e+03,6.88725e+04
1.24367e+07,3.53123e+03,6.92534e+04
1.24630e+07,3.52722e+03,6.96333e+04
1.24893e+07,3.52324e+03,7.00065e+04
1.25146e+07,3.51923e+03,7.03857e+04
1.25396e+07,3.51527e+03,7.07597e+04
1.25642e+07,3.51133e+03,7.11321e+04
1.25878e+07,3.50740e+03,7.15013e+04
1.26106e+07,3.50349e+03,7.18720e+04
1.26333e+07,3.49959e+03,7.22492e+04
1.26554e+07,3.49570e+03,7.26222e+04
1.26767e+07,3.49187e+03,7.29966e+04
1.26973e+07,3.48809e+03,7.33719e+04
1.27173e+07,3.48438e+03,7.37415e+04
1.27363e+07,3.48069e+03,7.41134e+04
1.27545e+07,3.47709e+03,7.44872e+04
1.27719e+07,3.47353e+03,7.48605e+04
1.27882e+07,3.47007e+03,7.52278e+04
1.28038e+07,3.46663e+03,7.56010e+04
1.28191e+07,3.46319e+03,7.59806e+04
1.28336e+07,3.45987e+03,7.63539e+04
1.28472e+07,3.45663e+03,7.67268e+04
1.28599e+07,3.45346e+03,7.70993e+04
1.28715e+07,3.45034e+03,7.74758e+04
1.28823e+07,3.44734e+03,7.78489e+04
1.28926e+07,3.44437e+03,7.82261e+04
1.29022e+07,3.44147e+03,7.85995e+04
1.29109e+07,3.43868e+03,7.89730e+04
1.29190e+07,3.43594e+03,7.93491e+04
1.29262e+07,3.43326e+03,7.97207e+04
1.29323e+07,3.43071e+03,8.00917e+04
1.29374e+07,3.42832e+03,8.04508e+04
1.29418e+07,3.42606e+03,8.07991e+04
1.29455e+07,3.42385e+03,8.11515e+04
1.29487e+07,3.42173e+03,8.15019e+04
1.29514e+07,3.41964e+03,8.18529e+04
1.29539e+07,3.41762e+03,8.22030e+04
1.29559e+07,3.41567e+03,8.25462e+04
1.29577e+07,3.41378e+03,8.28847e+04
1.29593e+07,3.41198e+03,8.32155e+04
1.29606e+07,3.41025e+03,8.35356e+04
1.29617e+07,3.40860e+03,8.38462e+04
1.29626e+07,3.40704e+03,8.41442e+04
1.29634e+07,3.40557e+03,8.44290e+04
1.29641e+07,3.40418e+03,8.46972e+04
1.29647e+07,3.40287e+03,8.49558e+04
1.29652e+07,3.40166e+03,8.51961e+04
1.29656e+07,3.40052e+03,8.54220e+04
1.29660e+07,3.39946e+03,8.56336e+04
1.29663e+07,3.39846e+03,8.58320e+04
1.29665e+07,3.39753e+03,8.60182e+04
1.29668e+07,3.39664e+03,8.61978e+04
1.29671e+07,3.39539e+03,8.64526e+04
1.29674e+07,3.39420e+03,8.66951e+04
1.29676e+07,3.39331e+03,8.68736e+04
1.29679e+07,3.39161e+03,8.72495e+04
1.29681e+07,3.38981e+03,8.76503e+04
1.29684e+07,3.38780e+03,8.81093e+04
1.29686e+07,3.38561e+03,8.86300e+04
1.29688e+07,3.38330e+03,8.91965e+04
1.29691e+07,3.38087e+03,8.98009e+04
1.29693e+07,3.37840e+03,9.04264e+04
1.29695e+07,3.37589e+03,9.10750e+04
1.29698e+07,3.37341e+03,9.17244e+04
1.29700e+07,3.37088e+03,9.23999e+04
1.29703e+07,3.36836e+03,9.30871e+04
1.29706e+07,3.36585e+03,9.37829e+04
1.29709e+07,3.36334e+03,9.44931e+04
1.29712e+07,3.36103e+03,9.51584e+04
1.29715e+07,3.35893e+03,9.57789e+04
1.29719e+07,3.35736e+03,9.62540e+04
1.29723e+07,3.35655e+03,9.65194e+04
1.29728e+07,3.35659e+03,9.65378e+04
1.29732e+07,3.35736e+03,9.63396e+04
1.29737e+07,3.35866e+03,9.59777e+04
1.29741e+07,3.36028e+03,9.55116e+04
1.29745e+07,3.36195e+03,9.50334e+04
1.29750e+07,3.36379e+03,9.45003e+04
1.29754e+07,3.36567e+03,9.39559e+04
1.29758e+07,3.36751e+03,9.34234e+04
1.29762e+07,3.36925e+03,9.29169e+04
1.29766e+07,3.37086e+03,9.24458e+04
1.29770e+07,3.37229e+03,9.20229e+04
1.29775e+07,3.37349e+03,9.16612e+04
1.29779e+07,3.37445e+03,9.13624e+04
1.29783e+07,3.37512e+03,9.11395e+04
1.29787e+07,3.37551e+03,9.09875e+04
1.29791e+07,3.37564e+03,9.09014e+04
1.29795e+07,3.37548e+03,9.08881e+04
1.29799e+07,3.37496e+03,9.09557e+04
1.29803e+07,3.37405e+03,9.11161e+04
1.29807e+07,3.37287e+03,9.13697e+04
1.29811e+07,3.37147e+03,9.17018e+04
1.29814e+07,3.37021e+03,9.19531e+04
1.29818e+07,3.36843e+03,9.23558e+04
1.29821e+07,3.36628e+03,9.28732e+04
1.29824e+07,3.36384e+03,9.34844e+04
1.29827e+07,3.36119e+03,9.41689e+04
1.29829e+07,3.35841e+03,9.49122e+04
1.29832e+07,3.35569e+03,9.56631e+04
1.29834e+07,3.35281e+03,9.64779e+04
1.29837e+07,3.35000e+03,9.72878e+04
1.29839e+07,3.34709e+03,9.81485e+04
1.29841e+07,3.34431e+03,9.89823e+04
1.29843e+07,3.34154e+03,9.98246e+04
1.29845e+07,3.33890e+03,1.00641e+05
1.29847e+07,3.33630e+03,1.01458e+05
1.29849e+07,3.33405e+03,1.02173e+05
1.29851e+07,3.33145e+03,1.03006e+05
1.29853e+07,3.32916e+03,1.03748e+05
1.29855e+07,3.32717e+03,1.04402e+05
1.29857e+07,3.32519e+03,1.05054e+05
1.29859e+07,3.32334e+03,1.05675e+05
1.29861e+07,3.32152e+03,1.06286e+05
1.29863e+07,3.31997e+03,1.06807e+05
1.29864e+07,3.31837e+03,1.07354e+05
1.29866e+07,3.31719e+03,1.07761e+05
1.29867e+07,3.31588e+03,1.08208e+05
1.29869e+07,3.31448e+03,1.08691e+05
1.29870e+07,3.31323e+03,1.09125e+05
1.29872e+07,3.31209e+03,1.09522e+05
1.29873e+07,3.31113e+03,1.09857e+05
1.29874e+07,3.31012e+03,1.10208e+05
1.29875e+07,3.30922e+03,1.10528e+05
1.29876e+07,3.30838e+03,1.10824e+05
1.29878e+07,3.30758e+03,1.11107e+05
1.29879e+07,3.30684e+03,1.11370e+05
1.29879e+07,3.30626e+03,1.11574e+05
1.29880e+07,3.30549e+03,1.11851e+05
1.29881e+07,3.30517e+03,1.12027e+05
1.29882e+07,3.30646e+03,1.12321e+05
1.29883e+07,3.30873e+03,1.12609e+05
1.29884e+07,3.31171e+03,1.12712e+05
1.29884e+07,3.31458e+03,1.13074e+05
1.29885e+07,3.31704e+03,1.13025e+05
1.29885e+07,3.32034e+03,1.11654e+05
1.29886e+07,3.32665e+03,1.12677e+05
1.29886e+07,3.33631e+03,1.13289e+05
1.29887e+07,3.34750e+03,1.13409e+05
1.29888e+07,3.35112e+03,1.12495e+05
1.29889e+07,3.34487e+03,1.11461e+05
1.29890e+07,3.33718e+03,1.10586e+05
1.29892e+07,3.32846e+03,1.09830e+05
1.29893e+07,3.32050e+03,1.10014e+05
1.29894e+07,3.31704e+03,1.10467e+05
1.29895e+07,3.31786e+03,1.10962e+05
1.29895e+07,3.31966e+03,1.11344e+05
1.29896e+07,3.32139e+03,1.11644e+05
1.29896e+07,3.32271e+03,1.11841e+05
1.29896e+07,3.32388e+03,1.12005e+05
1.29896e+07,3.32493e+03,1.12149e+05
1.29896e+07,3.32574e+03,1.12247e+05
1.29896e+07,3.32654e+03,1.12346e+05
